title,price,posted_time,rating,views,comments
"['Signature Fitness 2-Inch Cast Iron Weight Plates – 4x2.5lbs $8, 4x5lbs $13, 4x10lbs $25, 2x25lbs $30, 2x35lbs $40, 2x45lbs $50 FS @ Walmart'](https://slickdeals.net/click?trd=Get%20Deal%20at%20Walmart&sdtid=18989407&tid=18989407&prop=diavail-false%7Cdincp-0%7Cdinpd-0%7Cdipgavail-false&pv=10eea4c4dc4111f085d2960f81b6c4e8&au=1a906b10217a4f3c888099cca1b96fc2)",$50.00,Posted Today ,+6,266 Views,0 Comments
['$25*: Metal Gear Solid Delta: Snake Eater Tactical Edition (PlayStation 5) at Amazon'](https://slickdeals.net/click?trd=Get%20Deal%20at%20Amazon&sdtid=18989749&tid=18989749&prop=diavail-true%7Cdincp-0%7Cdinpd-3%7Cdipgavail-true&pv=11e0837adc4111f09278fe7222814e31&au=71f58494ee90476a840e78328fe36a5c),$25.00,Posted Today ,+7,223 Views,1 Comments
"['[S&S, AC] $31.03: 2 × 12-Pack 6.5-Oz Starbucks Ready to Drink Coffee (Espresso + Light Cream) ($15.52 each) at Amazon ($1.29 each)'](https://slickdeals.net/click?trd=Get%20Deal%20at%20Amazon&sdtid=18983191&tid=18983191&prop=diavail-true%7Cdincp-0%7Cdinpd-9%7Cdipgavail-true&pv=12c23a86dc4111f0a1a24eda5e1f2443&au=cf86a954cdb145c7955bf802a4675871)",$31.03,Posted Yesterday ,+6,655 Views,0 Comments
['ETENWOLF T300 Digital Tire Pressure Gauge $4 @ Amazon'](https://slickdeals.net/click?trd=Get%20Deal%20at%20Amazon&sdtid=18989263&tid=18989263&prop=diavail-false%7Cdincp-0%7Cdinpd-0%7Cdipgavail-false&pv=13969c2cdc4111f0bf67cefc61e669d4&au=5b6c250755c54c0eae8d7e26c545118c),$4.00,Posted Today ,+6,318 Views,1 Comments
['MZOO Sleep Eye Mask $3.50 @ Amazon'](https://slickdeals.net/click?trd=Get%20Deal%20at%20Amazon&sdtid=18989593&tid=18989593&prop=diavail-true%7Cdincp-1%7Cdinpd-2%7Cdipgavail-true&pv=145b1c00dc4111f0b66d929165a60eeb&au=370955d1dde84e32826a4eb0bb1222d6),$3.50,Posted Today ,+10,253 Views,0 Comments
['Samsung Galaxy Watch 7 40mm Bluetooth $129.99'](https://slickdeals.net/click?trd=Get%20Deal%20at%20Amazon&sdtid=18988978&tid=18988978&prop=diavail-true%7Cdincp-1%7Cdinpd-8%7Cdipgavail-true&pv=155222e8dc4111f096273e18b9246890&au=9efba789510f496ab00ecd467442586b),$129.99,Posted Today ,+7,385 Views,0 Comments
"['Wolverine Men\'s Floorhand Waterproof 10"" Wellington Boots $62.97 + Free Shipping'](https://slickdeals.net/click?trd=Get%20Deal%20at%20Wolverine&sdtid=18980287&tid=18980287&prop=diavail-false%7Cdincp-0%7Cdinpd-0%7Cdipgavail-false&pv=16398624dc4111f0b5cfbe9b9e479f68&au=bf3804415b37451ea029006d4baa6561)",$62.97,Posted 12-16-2025 ,+6,929 Views,0 Comments
['$399.99*: Philips 3200 Series LatteGo Fully Automatic Espresso Machine + 10% Back w/ Prime Visa Card at Amazon'](https://slickdeals.net/click?trd=Get%20Deal%20at%20Amazon&sdtid=18989548&tid=18989548&prop=diavail-false%7Cdincp-0%7Cdinpd-0%7Cdipgavail-false&pv=170e06b0dc4111f08fc9beae9aa6ba04&au=07e8fe327e2d4b25843f7978b2c0f2ca),$399.99,Posted Today ,+7,343 Views,2 Comments
['adidas men Supernova Rise 2 Running Shoes $49.6'](https://slickdeals.net/click?trd=Get%20Deal%20at%20eBay&sdtid=18988609&tid=18988609&prop=diavail-false%7Cdincp-0%7Cdinpd-0%7Cdipgavail-false&pv=17e61bc2dc4111f0be9cae3b6926f480&au=beb0a109834642dcb087250ed67b90ae),$49.60,Posted Today ,+5,854 Views,0 Comments
['$29.99*: EA Sports FC 26 (PS5 / Xbox One|Series X / Nintendo Switch) at Amazon'](https://slickdeals.net/click?trd=Get%20Deal%20at%20Amazon&sdtid=18988504&tid=18988504&prop=diavail-true%7Cdincp-0%7Cdinpd-2%7Cdipgavail-true&pv=18a4c540dc4111f0a7203e18b9246890&au=5f83d40d7be14123973b15e660f72aa0),$29.99,Posted Today ,+6,532 Views,0 Comments
['Nike Air Zoom Pegasus 41 - Mens 9 & 11.5 $56'](https://slickdeals.net/click?trd=Get%20Deal%20at%20Foot%20Locker&sdtid=18988558&tid=18988558&prop=diavail-false%7Cdincp-0%7Cdinpd-0%7Cdipgavail-false&pv=19784e6adc4111f0a4bcd253be873ac2&au=e8cf256c93a24cfabd8438902114a9d0),$56.00,Posted Today ,+6,"1,370 Views",3 Comments
['Jotunnslayer: Hordes of Hel PC Digital Download'](https://slickdeals.net/click?trd=Get%20Deal%20at%20Epic%20Games&sdtid=18989002&tid=18989002&prop=diavail-false%7Cdincp-0%7Cdinpd-0%7Cdipgavail-false&pv=1a70662cdc4111f09728b2988341ed37&au=82dc51fa7bab4d2a948b760f0b064f3a),FREE,Posted Today ,+8,597 Views,7 Comments
['6-Oz Stove Top Stuffing Mix for Chicken $0.84 w/ S&S + Free Shipping w/ Prime or on orders over $35'](https://slickdeals.net/click?trd=Get%20Deal%20at%20Amazon&sdtid=18987805&tid=18987805&prop=diavail-true%7Cdincp-0%7Cdinpd-6%7Cdipgavail-true&pv=1b82b3c6dc4111f0966bc6b263a0141c&au=8bba77da29c44bdc8154ef0bdcd89d18),$0.84,Posted Today ,+6,684 Views,1 Comments
"['RDY Element 9 Pro R07: AMD Ryzen 7 7800X3D, RX 9070 XT, 32GB 6000Mhz DDR5, 2TB SSD $1499.99'](https://slickdeals.net/click?trd=Get%20Deal%20at%20iBUYPOWER&sdtid=18989374&tid=18989374&prop=diavail-false%7Cdincp-0%7Cdinpd-0%7Cdipgavail-false&pv=1c71aff8dc4111f0954ec2c5d1df5bb8&au=aecb31c83ce9456fad8f05f9849ed8f3)","$1,499.99",Posted Today ,+6,486 Views,1 Comments
['6-Piece Suzume Extra Long Flex Head Ratcheting Wrench Set (8-19mm) $36 + Free S/H'](https://slickdeals.net/click?trd=Get%20Deal%20at%20Amazon&sdtid=18989206&tid=18989206&prop=diavail-false%7Cdincp-0%7Cdinpd-0%7Cdipgavail-false&pv=1d69d0fcdc4111f09b443e5ef0017a22&au=eb93696ce10a45ceace95089cffaecc6),$36.00,Posted Today ,+6,462 Views,1 Comments
['$34.12: 11-Piece Amazon Basics Ceramic Non-Stick Pots and Pans Set (Black/Cream) at Amazon'](https://slickdeals.net/click?trd=Get%20Deal%20at%20Amazon&sdtid=18984664&tid=18984664&prop=diavail-true%7Cdincp-0%7Cdinpd-1%7Cdipgavail-false&pv=1e462926dc4111f0a20c5edacec7f46c&au=d7b12108a84340829d3df27db90c059f),$34.12,Posted Yesterday ,+6,"1,242 Views",1 Comments
"['6-Pairs adidas Adult or Kid Socks (Crew, Quarter, No Show) $8 + Free Shipping'](https://slickdeals.net/click?trd=Get%20Deal%20at%20Foot%20Locker&sdtid=18988594&tid=18988594&prop=diavail-false%7Cdincp-0%7Cdinpd-0%7Cdipgavail-false&pv=1efe1af4dc4111f0bdf162d9f6ade60f&au=995260524e7d46a2a3e8643e30250a90)",$8.00,Posted Today ,+6,722 Views,1 Comments
"['STAGEEK Mechanical Carpenter Pencil Set w/ Sharpener, Refills & Storage Pouch (Various) from $5.88 w/ S&S + Free Shipping w/ Prime or on $35+'](https://slickdeals.net/click?trd=Get%20Deal%20at%20Amazon&sdtid=18989356&tid=18989356&prop=diavail-false%7Cdincp-0%7Cdinpd-0%7Cdipgavail-false&pv=1fd109a0dc4111f0aca7f2ce42a0647e&au=c5467ac357194ece8883e3be74902505)",$5.88,Posted Today ,+16,801 Views,3 Comments
"[""Lee Men's Extreme Motion Canvas Cargo Pants (Black) for $16.62""](https://slickdeals.net/click?trd=Get%20Deal%20at%20Amazon&sdtid=18988408&tid=18988408&prop=diavail-false%7Cdincp-0%7Cdinpd-0%7Cdipgavail-false&pv=2095bde0dc4111f0afeec2c5d1df5bb8&au=30d1db12f4494b969ad22d82835a89bc)",$16.62,Posted Today ,+9,"1,061 Views",4 Comments
"['Lindt LINDOR Caramel Milk Chocolate Truffles, Milk Chocolate Candy with Smooth, Melting Truffle Center, Great for gift giving, 5.1 oz. Bag (6 Pack)~$19.87 With S&S @ Amazon'](https://slickdeals.net/click?trd=Get%20Deal%20at%20Amazon&sdtid=18988861&tid=18988861&prop=diavail-false%7Cdincp-0%7Cdinpd-0%7Cdipgavail-false&pv=21690182dc4111f0b971c21479e20136&au=b0b2080147af4a27b7d07973528932fe)",$19.87,Posted Today ,+7,611 Views,2 Comments
"[""$5.26*: Hanes Women's EcoSmart Fleece Open Leg Sweatpants (Regular/Petite) at Amazon""](https://slickdeals.net/click?trd=Get%20Deal%20at%20Amazon&sdtid=18988543&tid=18988543&prop=diavail-true%7Cdincp-0%7Cdinpd-2%7Cdipgavail-false&pv=22aa18cedc4111f0aa9c667b9fd02dfe&au=24c29a94105e4e41833f6726d927009c)",$5.26,Posted Today ,+6,899 Views,0 Comments
"['11"" JOMISE G814 4K + 2.5K Rear View Mirror Camera $69 + Free S/H $65'](https://slickdeals.net/click?trd=Get%20Deal%20at%20Amazon&sdtid=18989278&tid=18989278&prop=diavail-false%7Cdincp-0%7Cdinpd-0%7Cdipgavail-false&pv=237740e2dc4111f08b440ea9a8549565&au=25c11adefa4444329626e01111c62fdb)",$65.00,Posted Today ,+5,574 Views,3 Comments
['Milwaukee 14-in-1 Ratcheting + 8-in-1 Compact Multi-Bit Screwdriver Set $19.97 + Free Shipping'](https://slickdeals.net/click?trd=Get%20Deal%20at%20Home%20Depot&sdtid=18986800&tid=18986800&prop=diavail-true%7Cdincp-0%7Cdinpd-2%7Cdipgavail-true&pv=24429d64dc4111f08708f27bb8b2734d&au=2d2fe95215a74c16b86c3f547ef07271),$19.97,Posted Yesterday ,+6,"2,096 Views",4 Comments
['Fanttik X8 APEX Portable Air Compressor 150PSI Cordless Tire Inflator $39.99 + Free Shipping'](https://slickdeals.net/click?trd=Get%20Deal%20at%20Morningsave.com&sdtid=18985306&tid=18985306&prop=diavail-false%7Cdincp-0%7Cdinpd-0%7Cdipgavail-false&pv=251b9d08dc4111f09614f61c7ac4446b&au=be5d55379b9540dd9d746eb5330638d9),$39.99,Posted Yesterday ,+6,868 Views,4 Comments
"[""Nintendo Super Mario Boys/Young Men's Bomber Jacket $22 @ Walmart""](https://slickdeals.net/click?trd=Get%20Deal%20at%20Walmart&sdtid=18989065&tid=18989065&prop=diavail-false%7Cdincp-0%7Cdinpd-0%7Cdipgavail-false&pv=25e33ec6dc4111f08b827a980342f572&au=2700d2c0865244b1b07943e8f9e73602)",$22.49,Posted Today ,+9,917 Views,2 Comments
['Wurkkos TS12 Rechargeable EDC Pocket Flashlight; free S&H; $22.79 w/Amazon code'](https://slickdeals.net/click?trd=Get%20Deal%20at%20Amazon&sdtid=18988393&tid=18988393&prop=diavail-true%7Cdincp-0%7Cdinpd-4%7Cdipgavail-true&pv=26eb7220dc4111f0b9cf62aba7db795a&au=750d65af52154cc39ff7161b9291bbf2),$22.79,Posted Today ,+10,929 Views,5 Comments
['Pokemon mega venusaur ex premium box $44.97'](https://slickdeals.net/click?trd=Get%20Deal%20at%20Walmart&sdtid=18987526&tid=18987526&prop=diavail-false%7Cdincp-0%7Cdinpd-0%7Cdipgavail-false&pv=27bd2cc0dc4111f0baa72286b796a84a&au=4952daeb154f411da5e6eb052a653ef4),$44.97,Posted Today ,+12,"2,167 Views",5 Comments
"[""Lowe's - Disney 3.2-ft Lighted Disney Dog Christmas Inflatable $8.75 + Free pickup""](https://slickdeals.net/click?trd=Get%20Deal%20at%20Lowe%27s&sdtid=18989047&tid=18989047&prop=diavail-false%7Cdincp-0%7Cdinpd-0%7Cdipgavail-false&pv=28aa3240dc4111f0a49842edbc26746a&au=e8297dc816fe4b3b91b57502308a168d)",$8.75,Posted Today ,+7,907 Views,3 Comments
['AIRSURE Portable 150 PSI Cordless Air Compressor & Tire Inflator from $11.99 + Free Shipping w/ Prime or on $35+'](https://slickdeals.net/click?trd=Get%20Deal%20at%20Amazon&sdtid=18988936&tid=18988936&prop=diavail-false%7Cdincp-0%7Cdinpd-0%7Cdipgavail-false&pv=29892da6dc4111f09f671a1de8e298c2&au=4a1f06ad26ca4cc48c9c60955f655feb),$11.99,Posted Today ,+10,790 Views,0 Comments
"['[S&S, AC] $12.29*: 8-Pack 180-Count Kleenex Lotion Facial Tissues at Amazon ($1.54 each)'](https://slickdeals.net/click?trd=Get%20Deal%20at%20Amazon&sdtid=18988075&tid=18988075&prop=diavail-false%7Cdincp-0%7Cdinpd-0%7Cdipgavail-false&pv=2a7d77bcdc4111f08d9aa6d2fe03f5f6&au=1c184dfec7a04487adacd22b475c980d)",$12.29,Posted Today ,+7,787 Views,1 Comments
"[""Sam's Club Members: 943-Piece LEGO Technic Ford Bronco SUV (42213) $38.26 + Free Shipping $50+ Plus Members""](https://slickdeals.net/click?trd=Get%20Deal%20at%20Sam%27s%20Club&sdtid=18988729&tid=18988729&prop=diavail-false%7Cdincp-0%7Cdinpd-0%7Cdipgavail-false&pv=2b306bbadc4111f0a6e546e8de83fb38&au=616d58db76c3406383b379bf2bca3c1e)",$38.26,Posted Today ,+8,"1,441 Views",1 Comments
['Microcenter in-store - Nintendo Switch 2 Console $399.99'](https://slickdeals.net/click?trd=Get%20Deal%20at%20Micro%20Center&sdtid=18988513&tid=18988513&prop=diavail-false%7Cdincp-0%7Cdinpd-0%7Cdipgavail-false&pv=2bf54dc2dc4111f0977bcefc61e669d4&au=8d2f105fc3934a288f3602d12f014119),$399.99,Posted Today ,+14,"3,052 Views",33 Comments
"['6-Oz Stove Top Stuffing Mix for Turkey $0.84 w/ S&S, $0.75 w/ 5 S&S'](https://slickdeals.net/click?trd=Get%20Deal%20at%20Amazon&sdtid=18988492&tid=18988492&prop=diavail-false%7Cdincp-0%7Cdinpd-0%7Cdipgavail-false&pv=2ce1c65cdc4111f0a8b89e86de17e337&au=d2ca799264404e3895c0b9d9cd542ff3)",$0.75,Posted Today ,+10,543 Views,1 Comments
"[""Sam's Club Members: 230-Gal Keter Signature Collection Indoor/Outdoor Storage Resin Deck Box $99.98 + Free Shipping Plus Members""](https://slickdeals.net/click?trd=Get%20Deal%20at%20Sam%27s%20Club&sdtid=18988864&tid=18988864&prop=diavail-false%7Cdincp-0%7Cdinpd-0%7Cdipgavail-false&pv=2da4b770dc4111f0a2a07602eb56fa3c&au=8ac8d72426ce421e9c979a73c3197341)",$99.98,Posted Today ,+13,"1,198 Views",5 Comments
"[""$4.89*: Hanes Women's EcoSmart Fleece Crewneck Sweatshirt (Various Colors) at Amazon""](https://slickdeals.net/click?trd=Get%20Deal%20at%20Amazon&sdtid=18988807&tid=18988807&prop=diavail-true%7Cdincp-1%7Cdinpd-0%7Cdipgavail-false&pv=2e932f2cdc4111f0a7b9929165a60eeb&au=9338d54b780e4a35bb13a4c7b4421c74)",$4.89,Posted Today ,+6,740 Views,0 Comments
"['Husky 1/4 in. Drive Impact Driver Socket Adapter Set (6-Piece), $7.88, free pickup, Home Depot'](https://slickdeals.net/click?trd=Get%20Deal%20at%20Home%20Depot&sdtid=18988252&tid=18988252&prop=diavail-true%7Cdincp-0%7Cdinpd-10%7Cdipgavail-true&pv=2f7ad9bcdc4111f091e9bad580b30e1c&au=ed9103784f5e40ef840b086ee631d664)",$7.88,Posted Today ,+12,862 Views,1 Comments
['Amazon Essentials Womens Wool Blend Coat $12'](https://slickdeals.net/click?trd=Get%20Deal%20at%20Woot%21&sdtid=18987793&tid=18987793&prop=diavail-false%7Cdincp-0%7Cdinpd-0%7Cdipgavail-false&pv=30983a92dc4111f089d86e7b2276c931&au=5f1d55cceb004d7a850560b6179b7365),$12.00,Posted Today ,+7,"2,088 Views",2 Comments
['PlayStation 5 Slim Console + Call of Duty Black Op 7 $470 @ Walmart'](https://slickdeals.net/click?trd=Get%20Deal%20at%20Walmart&sdtid=18989020&tid=18989020&prop=diavail-true%7Cdincp-0%7Cdinpd-1%7Cdipgavail-true&pv=31664aa4dc4111f0a8adb6f5c21c5e18&au=436967dbabe94f3b9ae7d22ca2c8a8c0),$469.99,Posted Today ,+8,817 Views,6 Comments
"[""Sam's Club Members: 700-Piece LEGO Brick-Built Star Wars Logo (75407) $34.79 + Free Shipping $50+ Plus Members""](https://slickdeals.net/click?trd=Get%20Deal%20at%20Sam%27s%20Club&sdtid=18988753&tid=18988753&prop=diavail-false%7Cdincp-0%7Cdinpd-0%7Cdipgavail-false&pv=328adf94dc4111f0aa4256d61229c774&au=38d4c735128945fda08221a18cfd401e)",$34.79,Posted Today ,+6,940 Views,0 Comments
['3-Way Amazon Basics Smart Motion Sensor Dimmer Switch $13.44 + Free Shipping w/ Prime or on $35+'](https://slickdeals.net/click?trd=Get%20Deal%20at%20Amazon&sdtid=18986908&tid=18986908&prop=diavail-true%7Cdincp-1%7Cdinpd-0%7Cdipgavail-false&pv=3399a8fcdc4111f0849dcade90a340ad&au=2c26bdec5be64ab4bd9af1b37e97bcd8),$13.44,Posted Yesterday ,+9,"1,587 Views",0 Comments
"['Husky 2-Pack 1200 Lumens Rechargeable Magnetic Utility Light, $19.88, free pickup, Home Depot'](https://slickdeals.net/click?trd=Get%20Deal%20at%20Home%20Depot&sdtid=18988318&tid=18988318&prop=diavail-true%7Cdincp-0%7Cdinpd-2%7Cdipgavail-true&pv=34b1402edc4111f0bb53b272d927e94a&au=56048b5ddcbb4c2eb223a6a19b8621e8)",$19.88,Posted Today ,+8,"1,061 Views",2 Comments
"['WORX - 4V ZipSnip Electric Rechargeable Cordless Electric Scissors, Fabric Scissors, Rotary Cutter with self sharpening blade - Black $20'](https://slickdeals.net/click?trd=Get%20Deal%20at%20Best%20Buy&sdtid=18987037&tid=18987037&prop=diavail-false%7Cdincp-0%7Cdinpd-0%7Cdipgavail-false&pv=35b465d2dc4111f0a2a6ae9369c85f45&au=fd6b078e196d408a95c4643bc47886c6)",$20.00,Posted Yesterday ,+9,"1,400 Views",8 Comments
['Logitech G309 Lightspeed Wireless Gaming Mouse (Black or White) $49.99 + Free Shipping'](https://slickdeals.net/click?trd=Get%20Deal%20at%20Amazon&sdtid=18986974&tid=18986974&prop=diavail-true%7Cdincp-2%7Cdinpd-4%7Cdipgavail-true&pv=36e0ee1cdc4111f0ae3e3a6225c9b7ce&au=5f4c13d6f39647e2b16fb46ab655858b),$49.99,Posted Yesterday ,+6,881 Views,1 Comments
"['Amazon Grocery, Whole Peeled Tomatoes, 28 Oz $0.87'](https://slickdeals.net/click?trd=Get%20Deal%20at%20Amazon&sdtid=18986896&tid=18986896&prop=diavail-true%7Cdincp-0%7Cdinpd-1%7Cdipgavail-true&pv=37d8687cdc4111f08f260a00da265252&au=27f90a04cb00471fb2ad0e96d2e508dc)",$0.87,Posted Yesterday ,+9,784 Views,0 Comments
"[""$4.64*: 2-Pack Gildan Men's Heavy Cotton T-Shirts (Black, Small or Medium) at Amazon""](https://slickdeals.net/click?trd=Get%20Deal%20at%20Amazon&sdtid=18987751&tid=18987751&prop=diavail-true%7Cdincp-1%7Cdinpd-5%7Cdipgavail-true&pv=388d28a2dc4111f0af00bad580b30e1c&au=af986f4b73194caf963d82a67cc29175)",$4.64,Posted Today ,+9,"1,043 Views",0 Comments
['Coast 700 Lumen Voice Control Rechargeable LED Headlamp $19.88 at Home Depot w/ Free Store Pickup'](https://slickdeals.net/click?trd=Get%20Deal%20at%20Home%20Depot&sdtid=18987244&tid=18987244&prop=diavail-false%7Cdincp-0%7Cdinpd-0%7Cdipgavail-false&pv=39760a90dc4111f0948546e8de83fb38&au=800290398b73477bbed9dc3adf39b79b),$19.88,Posted Today ,+5,821 Views,2 Comments
['Bioworld Harry Potter Gryffindor Cuffed Knitted Beanie Hat - $7.60'](https://slickdeals.net/click?trd=Get%20Deal%20at%20Amazon&sdtid=18987289&tid=18987289&prop=diavail-true%7Cdincp-1%7Cdinpd-0%7Cdipgavail-false&pv=3a5fd7d8dc4111f0bf7a1a1de8e298c2&au=00d307aed4c84ed8978ba3c4d90eccb6),$7.60,Posted Today ,+7,920 Views,1 Comments
['[AC] $50.37*: 8Bitdo Pro 3 Bluetooth Controller for Switch/Switch 2 (Gray) at Amazon'](https://slickdeals.net/click?trd=Get%20Deal%20at%20Amazon&sdtid=18987532&tid=18987532&prop=diavail-true%7Cdincp-0%7Cdinpd-2%7Cdipgavail-true&pv=3b28f97edc4111f0bed6ae3b6926f480&au=5443793c5246499eb000ec7a6608672c),$50.37,Posted Today ,+5,946 Views,2 Comments
"['Samsung Galaxy Watch FE 40mm LTE AI Smartwatch w/Fitness Tracking, BIA Sensor, Personalized HR Zones, Heart Rate Tracker, Sleep Monitor, 2024, Silver for $100'](https://slickdeals.net/click?trd=Get%20Deal%20at%20Amazon&sdtid=18988093&tid=18988093&prop=diavail-true%7Cdincp-0%7Cdinpd-4%7Cdipgavail-true&pv=3bf24ba8dc4111f0ba4a5edacec7f46c&au=e5b4f52ef1b345968d16dd2a209d6bed)",$100.99,Posted Today ,+9,"1,539 Views",8 Comments
"['$189.98*: Greenworks 80V 18"" Cordless Chainsaw w/ 2Ah Battery & Charger at Amazon'](https://slickdeals.net/click?trd=Get%20Deal%20at%20Amazon&sdtid=18988219&tid=18988219&prop=diavail-true%7Cdincp-0%7Cdinpd-7%7Cdipgavail-true&pv=3ce807f0dc4111f0a8ec0ea9a8549565&au=782f6394ff894f4e9883f42de8dc713c)",$189.98,Posted Today ,+6,662 Views,2 Comments
['18-Pack 8-Oz Horizon Organic Shelf Stable Whole Milk Boxes $12.66 + Free Shipping w/ Prime or on $35+'](https://slickdeals.net/click?trd=Get%20Deal%20at%20Amazon&sdtid=18988321&tid=18988321&prop=diavail-false%7Cdincp-0%7Cdinpd-0%7Cdipgavail-false&pv=3e6b861adc4111f08844eeb62619a9f5&au=8c344a1d4adb4d67931b2eacb2959e02),$12.66,Posted Today ,+9,737 Views,2 Comments
"['[S&S, AC] $3.78*: 8-Pack 12-Oz BODYARMOR ZERO Sugar Sports Drink (Watermelon Strawberry) at Amazon'](https://slickdeals.net/click?trd=Get%20Deal%20at%20Amazon&sdtid=18988456&tid=18988456&prop=diavail-true%7Cdincp-0%7Cdinpd-1%7Cdipgavail-true&pv=3f452654dc4111f08c180a5815442231&au=058fac804c124bdfbbd6b9724d6b0634)",$3.78,Posted Today ,+9,713 Views,0 Comments
"[""Sam's Club - LEGO Animal Crossing Leif's Caravan & Garden Shop Building Toy, 263 pcs $11.29 (FS on orders $50+ for Plus Members)""](https://slickdeals.net/click?trd=Get%20Deal%20at%20Sam%27s%20Club&sdtid=18988684&tid=18988684&prop=diavail-false%7Cdincp-0%7Cdinpd-0%7Cdipgavail-false&pv=400b52b6dc4111f0ac810e32a921999e&au=5685ffabfc584e25bd3540f72b1d6a60)",$11.29,Posted Today ,+11,858 Views,1 Comments
"['[S&S, AC] $3.56*: 4.8-Oz Crest Pro-Health Gum Detoxify Deep Clean Toothpaste at Amazon'](https://slickdeals.net/click?trd=Get%20Deal%20at%20Amazon&sdtid=18987352&tid=18987352&prop=diavail-true%7Cdincp-0%7Cdinpd-5%7Cdipgavail-true&pv=40d2c8fadc4111f0be4916810b7b10bd&au=09387080c52d4b8ba602aa8986346faa)",$3.56,Posted Today ,+9,"1,184 Views",1 Comments
"['CyberPowerPC Gamer Master: AMD Ryzen 7 9700F, RX 7700 (16GB GDDR6), 16GB 6000 MHz DDR5, 1TB SSD $969.99'](https://slickdeals.net/click?trd=Get%20Deal%20at%20B%26H%20Photo%20Video&sdtid=18988174&tid=18988174&prop=diavail-false%7Cdincp-0%7Cdinpd-0%7Cdipgavail-false&pv=42621e50dc4111f0b3e91a7ba7746b23&au=80474a37039442848e6ef7ec667d0ab0)",$969.99,Posted Today ,+6,979 Views,6 Comments
"[""adidas Originals Samba XLG Men's Shoes (Cardboard/Magic Beige) $32 + Free Shipping""](https://slickdeals.net/click?trd=Get%20Deal%20at%20Foot%20Locker&sdtid=18988819&tid=18988819&prop=diavail-false%7Cdincp-0%7Cdinpd-0%7Cdipgavail-false&pv=4337163cdc4111f0a8b89e86de17e337&au=297b4623973e4f5f8d0224461ec51cea)",$32.00,Posted Today ,+5,"1,236 Views",5 Comments
['$1.15: 64-Oz Amazon Fresh Diet Cranberry Juice Cocktail from Concentrate at Amazon'](https://slickdeals.net/click?trd=Get%20Deal%20at%20Amazon&sdtid=18987259&tid=18987259&prop=diavail-true%7Cdincp-0%7Cdinpd-1%7Cdipgavail-true&pv=443687c0dc4111f088c352c37766bcfe&au=3f6fbde11ff147838d4d82da5f95c3b2),$1.15,Posted Today ,+13,"1,123 Views",2 Comments
"['$7.85*: 12-Unit uni-ball Vision Elite Rollerball Pens (Bold Point, 0.8mm, Blue) at Amazon'](https://slickdeals.net/click?trd=Get%20Deal%20at%20Amazon&sdtid=18983959&tid=18983959&prop=diavail-true%7Cdincp-0%7Cdinpd-2%7Cdipgavail-false&pv=450b4000dc4111f09a549a3140069e7a&au=88ea29b700624c5d9b80b0253c59c107)",$7.85,Posted Yesterday ,+8,"1,125 Views",1 Comments
['Lilo & Stitch 2-Movie Digital Collection (2025) (Bundle) $9.99'](https://slickdeals.net/click?trd=Get%20Deal%20at%20Fandango.com&sdtid=18981325&tid=18981325&prop=diavail-false%7Cdincp-0%7Cdinpd-0%7Cdipgavail-false&pv=45ffd318dc4111f09bf242a3bb4fb552&au=a101f751034543f7965c9d444083db9e),$9.99,Posted 12-16-2025 ,+8,"1,022 Views",2 Comments
['Fisher-Price Little People Toddler Toy Barbie Beach House $19.79 w/ Prime Shipping'](https://slickdeals.net/click?trd=Get%20Deal%20at%20Amazon&sdtid=18986443&tid=18986443&prop=diavail-false%7Cdincp-0%7Cdinpd-0%7Cdipgavail-false&pv=472fed7cdc4111f0ab9736671cac7e30&au=a64fcc1ee3fd4465b0c683078bf59a8a),$19.79,Posted Yesterday ,+6,"1,013 Views",0 Comments
['Lilo & Stitch 2-Movie Digital Collection (2025) (Bundle) $9.99'](https://slickdeals.net/click?trd=Get%20Deal%20at%20Fandango.com&sdtid=18981325&tid=18981325&prop=diavail-false%7Cdincp-0%7Cdinpd-0%7Cdipgavail-false&pv=483ed46cdc4111f0bbfe6a37f9cf494e&au=d26742f0e0f24be7b64cb9c02c918b6a),$9.99,Posted 12-16-2025 ,+8,"1,022 Views",2 Comments
['Fisher-Price Little People Toddler Toy Barbie Beach House $19.79 w/ Prime Shipping'](https://slickdeals.net/click?trd=Get%20Deal%20at%20Amazon&sdtid=18986443&tid=18986443&prop=diavail-false%7Cdincp-0%7Cdinpd-0%7Cdipgavail-false&pv=4919194cdc4111f0b97f0658c6170a71&au=b042a531726848059e5bdc970ed68667),$19.79,Posted Yesterday ,+6,"1,013 Views",0 Comments
['$14.99*: Arlo Essential 2K Indoor Pan/Tilt Wired Security Camera in White (2025 Release) at Amazon'](https://slickdeals.net/click?trd=Get%20Deal%20at%20Amazon&sdtid=18982567&tid=18982567&prop=diavail-true%7Cdincp-0%7Cdinpd-3%7Cdipgavail-true&pv=4a0de008dc4111f0b1bdd69d17234ae6&au=32d6853aa4894729b6dc53b534c0852c),$14.99,Posted Yesterday ,+4,"1,387 Views",7 Comments
['$249.99: 128GB Meta Quest 3S VR Headset (Gorilla Tag Bundle) + $50 credit at Amazon'](https://slickdeals.net/click?trd=Get%20Deal%20at%20Amazon&sdtid=18985021&tid=18985021&prop=diavail-true%7Cdincp-0%7Cdinpd-7%7Cdipgavail-true&pv=4ae777d2dc4111f0a3eabe9b9e479f68&au=75ff24b99d7c4e2cac219029dcb1f9f5),$249.99,Posted Yesterday ,+6,"1,372 Views",6 Comments
"['17"" X 13"" X 13"" Docvania Ottoman Storage/Foot Rest Stool (Various) $13.49 + Free Shipping w/ Prime or on $35+'](https://slickdeals.net/click?trd=Get%20Deal%20at%20Amazon&sdtid=18984472&tid=18984472&prop=diavail-true%7Cdincp-0%7Cdinpd-1%7Cdipgavail-false&pv=4bca0566dc4111f0b6431a1de8e298c2&au=905e93a984e742369144d9d2901ac7ef)",$13.49,Posted Yesterday ,+8,"1,108 Views",1 Comments
"['WorkPro 12"" Adjustable Wrench $14.35'](https://slickdeals.net/click?trd=Get%20Deal%20at%20Amazon&sdtid=18986644&tid=18986644&prop=diavail-false%7Cdincp-0%7Cdinpd-0%7Cdipgavail-false&pv=4ca5baf2dc4111f0abbd2a58e0f7040c&au=b7cece7c514140dabe920607c280f707)",$14.35,Posted Yesterday ,+7,"1,178 Views",1 Comments
"[""$27.98: 10-Pack Gildan Men's Crew T-Shirts at Amazon""](https://slickdeals.net/click?trd=Get%20Deal%20at%20Amazon&sdtid=18969775&tid=18969775&prop=diavail-true%7Cdincp-0%7Cdinpd-2%7Cdipgavail-true&pv=4d8c974cdc4111f093ed4aea1560a558&au=c11b3829a4784c4080394fb4081c7d68)",$27.98,Posted 12-14-2025 ,+10,"2,702 Views",8 Comments
['Ridgid 18V Dual Port Simultaneous Charger w/ 2x 2.0 Ah & 2x 4.0 Ah Batteries $149 + Free Shipping'](https://slickdeals.net/click?trd=Get%20Deal%20at%20Home%20Depot&sdtid=18986257&tid=18986257&prop=diavail-true%7Cdincp-0%7Cdinpd-12%7Cdipgavail-true&pv=4e8a6642dc4111f0a07c4a34077e6d21&au=69ce55d3a94c45a8961ae967ce52bade),$149.00,Posted Yesterday ,+6,"1,219 Views",1 Comments
['$35*:WeFone WF20 1080p FPV Foldable RC Quadcopter Drone w/ 2 Batteries'](https://slickdeals.net/click?trd=Get%20Deal%20at%20Amazon&sdtid=18988066&tid=18988066&prop=diavail-false%7Cdincp-0%7Cdinpd-0%7Cdipgavail-false&pv=4f810d58dc4111f0a996aad30bbabaa3&au=dd55488fa7854643b2b093682bb74a11),$34.99,Posted Today ,+10,"1,690 Views",2 Comments
['18-Oz BJPKPK Insulated Water Bottle w/ Straw Stainless Steel Double Wall Water Bottle from $7.99 + Free S/H w/ Prime or on $35+'](https://slickdeals.net/click?trd=Get%20Deal%20at%20Amazon&sdtid=18987766&tid=18987766&prop=diavail-false%7Cdincp-0%7Cdinpd-0%7Cdipgavail-false&pv=507b6064dc4111f0bd72960f81b6c4e8&au=8891a05beca64ae49bd3ca9b67b571a8),$7.99,Posted Today ,+11,"1,192 Views",0 Comments
['64-Piece Melissa & Doug PAW Patrol Wooden Magnetic Pretend Playset $9.58 + Free Shipping w/ Prime or on $35+'](https://slickdeals.net/click?trd=Get%20Deal%20at%20Amazon&sdtid=18987823&tid=18987823&prop=diavail-true%7Cdincp-0%7Cdinpd-4%7Cdipgavail-true&pv=514ae51edc4111f0828bbeae9aa6ba04&au=2169d62a915d46318138500025bb4a82),$9.58,Posted Today ,+9,"1,220 Views",1 Comments
"[""Dawn of the Dead / George A. Romero's Land of the Dead Double Feature [Blu-ray] $8.24 Amazon""](https://slickdeals.net/click?trd=Get%20Deal%20at%20Amazon&sdtid=18986923&tid=18986923&prop=diavail-true%7Cdincp-0%7Cdinpd-1%7Cdipgavail-true&pv=521b56f4dc4111f0b319d69d17234ae6&au=5ad9984ee78d49259580d25f03338e9c)",$8.24,Posted Yesterday ,+7,"1,103 Views",4 Comments
['Jack Ryan 5-Movie Bundle $9.99'](https://slickdeals.net/click?trd=Get%20Deal%20at%20Fanflix&sdtid=18987403&tid=18987403&prop=diavail-false%7Cdincp-0%7Cdinpd-0%7Cdipgavail-false&pv=53059796dc4111f09b094aa4ec16296c&au=4203c702b49b476185cd5c875d4a0fb5),$9.99,Posted Today ,+15,"1,627 Views",3 Comments
['adidas men Advantage Shoes from $18.4'](https://slickdeals.net/click?trd=Get%20Deal%20at%20eBay&sdtid=18988480&tid=18988480&prop=diavail-false%7Cdincp-0%7Cdinpd-0%7Cdipgavail-false&pv=53c339fedc4111f08a5ed2df831a7800&au=4b73c7030ebf4c4280b27644af734d61),$18.40,Posted Today ,+7,"1,102 Views",0 Comments
['10-Pack Spasilk Baby Washcloth Set $3.99 w/ Prime shipping'](https://slickdeals.net/click?trd=Get%20Deal%20at%20Amazon&sdtid=18987928&tid=18987928&prop=diavail-false%7Cdincp-0%7Cdinpd-0%7Cdipgavail-false&pv=54b68064dc4111f0bf84263269446152&au=be924d28a68d48879cd81720e640d89f),$3.99,Posted Today ,+12,"1,028 Views",1 Comments
['$13.20: Amazon Basics Bluetooth Headphones Wireless with Microphone at Amazon'](https://slickdeals.net/click?trd=Get%20Deal%20at%20Amazon&sdtid=18984568&tid=18984568&prop=diavail-true%7Cdincp-0%7Cdinpd-1%7Cdipgavail-false&pv=559ffc30dc4111f09b49eebb324e66a8&au=c9c72c9e75d543d49cfdfd06fc11e598),$13.20,Posted Yesterday ,+6,"1,354 Views",1 Comments
['Raidou: Remastered The Mystery of the Soulless Army Launch Edition (Xbox Series X) $23.08 + Free Shipping w/ Prime or on $35+'](https://slickdeals.net/click?trd=Get%20Deal%20at%20Amazon&sdtid=18986728&tid=18986728&prop=diavail-true%7Cdincp-0%7Cdinpd-1%7Cdipgavail-true&pv=56bdef3cdc4111f0a011eeb62619a9f5&au=cdaf7c3513054dac986082feaf31b48a),$23.08,Posted Yesterday ,+6,"1,036 Views",0 Comments
"['Acer Predator X45 OLED 45"" 3440 x 1440 240 Hz Ultrawide Curved Gaming Monitor $599.99 + Shipping'](https://slickdeals.net/click?trd=Get%20Deal%20at%20B%26H%20Photo%20Video&sdtid=18988060&tid=18988060&prop=diavail-false%7Cdincp-0%7Cdinpd-0%7Cdipgavail-false&pv=57fb71dadc4111f0954ec2c5d1df5bb8&au=bcd34e0573a3444486d82a305c471f7a)",$599.99,Posted Today ,+13,"1,981 Views",13 Comments
"['$139.99*: 64GB 11"" Samsung Galaxy A9+ Tab Tablet (2024) at Amazon'](https://slickdeals.net/click?trd=Get%20Deal%20at%20Amazon&sdtid=18987286&tid=18987286&prop=diavail-true%7Cdincp-1%7Cdinpd-13%7Cdipgavail-true&pv=591cdf22dc4111f09e1c929165a60eeb&au=1a66f95c84fe4cb098183c2aaa80cfe2)",$139.99,Posted Today ,+12,"2,027 Views",12 Comments
"['Quest Nutrition Bake Shop, Chocolate Brownies, 10g Protein, 2g Net Carbs, 1g Sugar, Protein Snack, 10 Count~$12.18 With S&S @ Amazon'](https://slickdeals.net/click?trd=Get%20Deal%20at%20Amazon&sdtid=18986377&tid=18986377&prop=diavail-true%7Cdincp-0%7Cdinpd-9%7Cdipgavail-true&pv=5a17fceadc4111f09868da0dd8594436&au=877691192daf4c378626c7f483c856bb)",$12.18,Posted Yesterday ,+7,"1,222 Views",1 Comments
['JBL Tune Flex or Tune Buds $30 Each + Free S/H'](https://slickdeals.net/click?trd=Get%20Deal%20at%20Adorama&sdtid=18985423&tid=18985423&prop=diavail-false%7Cdincp-0%7Cdinpd-0%7Cdipgavail-false&pv=5c6d8f32dc4111f0819d16cba361f033&au=3ed8c9ee3061403b8c20d3fcd9c50486),$29.95,Posted Yesterday ,+12,751 Views,0 Comments
['adidas men Supernova Rise GTX Running Shoes $56'](https://slickdeals.net/click?trd=Get%20Deal%20at%20eBay&sdtid=18987655&tid=18987655&prop=diavail-false%7Cdincp-0%7Cdinpd-0%7Cdipgavail-false&pv=5d673a82dc4111f08e2a0658c6170a71&au=22e3389a40634266b2b59293c91eeee1),$56.00,Posted Today ,+12,"1,617 Views",3 Comments
"['10\'6"" FunWater Inflatable Stand Up Paddle Board w/ Premium SUP Accessories (various colors) from $69.99 + Free Shipping'](https://slickdeals.net/click?trd=Get%20Deal%20at%20Amazon&sdtid=18986401&tid=18986401&prop=diavail-false%7Cdincp-0%7Cdinpd-0%7Cdipgavail-false&pv=5e60703edc4111f08fd61a79da6d1799&au=8697f2302e4c4f55bf315fa6bfcc9843)",$69.99,Posted Yesterday ,+11,"1,896 Views",3 Comments
['adidas men Duramo 10 Running Shoes $20'](https://slickdeals.net/click?trd=Get%20Deal%20at%20eBay&sdtid=18987748&tid=18987748&prop=diavail-false%7Cdincp-0%7Cdinpd-0%7Cdipgavail-false&pv=5f49f858dc4111f08f62cade90a340ad&au=55dc5faffa5e4d40a57b2dc550b4dcbf),$20.00,Posted Today ,+8,"1,192 Views",0 Comments
"['Husky torque wrenches, 3/8 in. Drive Torque Wrench 20-100 ft./lbs., $49.97, 50-250 ft./lbs. 1/2 in. Drive, $59.97, FS, Home Depot'](https://slickdeals.net/click?trd=Get%20Deal%20at%20Home%20Depot&sdtid=18982750&tid=18982750&prop=diavail-true%7Cdincp-0%7Cdinpd-2%7Cdipgavail-true&pv=60283e92dc4111f0a2fbf2ce42a0647e&au=b205f63de8b84a489d0de36cb8df85cc)",$49.97,Posted Yesterday ,+8,844 Views,3 Comments
['adidas men Trefoil Essentials Hoodie $16'](https://slickdeals.net/click?trd=Get%20Deal%20at%20eBay&sdtid=18988201&tid=18988201&prop=diavail-false%7Cdincp-0%7Cdinpd-0%7Cdipgavail-false&pv=61535dd8dc4111f0812a52c37766bcfe&au=6d9f74863be84d6484ce3e006fa9ab3a),$16.00,Posted Today ,+18,"1,984 Views",4 Comments
['20-Piece Gotham Steel Ceramic Pots and Pans &  Bakeware Set $89.99 + free s/h'](https://slickdeals.net/click?trd=Get%20Deal%20at%20Walmart&sdtid=18985393&tid=18985393&prop=diavail-true%7Cdincp-0%7Cdinpd-3%7Cdipgavail-true&pv=62957ab4dc4111f0ba2cde44413ea0ed&au=d32b1b71040e4b7cb16b66618f6cf4ba),$89.99,Posted Yesterday ,+10,"1,249 Views",2 Comments
['Chappie Blu Ray $5 Amazon'](https://slickdeals.net/click?trd=Get%20Deal%20at%20Amazon&sdtid=18985720&tid=18985720&prop=diavail-true%7Cdincp-1%7Cdinpd-2%7Cdipgavail-true&pv=63820d7adc4111f0b5d2960f81b6c4e8&au=ca0c4267f05c45b196ede1f080b0abd7),$5.00,Posted Yesterday ,+12,"1,084 Views",2 Comments
"['[S&S, AC] $31.80: 3 × 154-Oz Gain + Aroma Boost Liquid Laundry Detergent (Original Scent) ($10.60 each) at Amazon'](https://slickdeals.net/click?trd=Get%20Deal%20at%20Amazon&sdtid=18987706&tid=18987706&prop=diavail-true%7Cdincp-0%7Cdinpd-17%7Cdipgavail-true&pv=648eaf84dc4111f0a09c1a79da6d1799&au=8286e869c6ca44c68e131a700252176a)",$31.80,Posted Today ,+11,922 Views,0 Comments
"[""5'x7' cotiled Large Living Room Area Rug (Dark Grey) $22.49 + Free Shipping w/ Prime or on $35+""](https://slickdeals.net/click?trd=Get%20Deal%20at%20Amazon&sdtid=18988063&tid=18988063&prop=diavail-false%7Cdincp-0%7Cdinpd-0%7Cdipgavail-false&pv=65a73a62dc4111f0b7c3b2988341ed37&au=1934ebf9ceb54a0e9fefad498f8d811d)",$22.49,Posted Today ,+8,"2,216 Views",6 Comments
"['Kobalt 80V 21"" Self-propelled Battery Lawn Mower w/ (1) 4 Ah and (1) 5 Ah Battery $549 at Lowe\'s w/ Free Store Pickup'](https://slickdeals.net/click?trd=Get%20Deal%20at%20Lowe%27s&sdtid=18987616&tid=18987616&prop=diavail-false%7Cdincp-0%7Cdinpd-0%7Cdipgavail-false&pv=66d6f7e2dc4111f0ac96da1a0d8cf5f1&au=a0a9031294704940a11fc8bc8050f5d6)",$549.00,Posted Today ,+7,"1,015 Views",6 Comments
"['[S&S, AC] $22.99: 2 × 8-Pack 200-Count Kleenex Trusted Care Facial Tissues ($11.50 each) at Amazon'](https://slickdeals.net/click?trd=Get%20Deal%20at%20Amazon&sdtid=18987649&tid=18987649&prop=diavail-false%7Cdincp-0%7Cdinpd-0%7Cdipgavail-false&pv=67a06280dc4111f0b1d1ba2d79b0d03c&au=7ed873bd03004cd08c3e2172c28c8b70)",$22.99,Posted Today ,+13,"1,294 Views",2 Comments
"['15.25"" Melissa & Doug Toddlers\' Caterpillar Xylophone Musical Toy w/ Wooden Mallets $8.39 + Free Shipping w/ Prime or on $35+'](https://slickdeals.net/click?trd=Get%20Deal%20at%20Amazon&sdtid=18986557&tid=18986557&prop=diavail-true%7Cdincp-0%7Cdinpd-3%7Cdipgavail-true&pv=686bb318dc4111f0ae47d69d17234ae6&au=f876dc394e49474f933de64a03db5415)",$8.68,Posted Yesterday ,+8,"1,103 Views",0 Comments
"[""Nike Toddler Boys' Air Force 1 Low EasyOn Shoe (Black/Black) $20 + Free Shipping""](https://slickdeals.net/click?trd=Get%20Deal%20at%20Foot%20Locker&sdtid=18983836&tid=18983836&prop=diavail-false%7Cdincp-0%7Cdinpd-0%7Cdipgavail-false&pv=69241f16dc4111f08c6e62aba7db795a&au=ef2d39d37894434f9c8ae77f074c99a9)",$20.00,Posted Yesterday ,+9,"1,794 Views",1 Comments
['Brooks Brothers 40% Off all Men’s Shirts ( Dress and Sport Shirts) Free Shipping $200+'](https://slickdeals.net/click?trd=Get%20Deal%20at%20Brooks%20Brothers&sdtid=18985675&tid=18985675&prop=diavail-false%7Cdincp-0%7Cdinpd-0%7Cdipgavail-false&pv=69c88c36dc4111f089bc0a00da265252&au=e6f5471e44e2445898554d9600947409),,Posted Yesterday ,+6,"1,361 Views",5 Comments
"['Borderlands 3 Next-Level Edition - Xbox Series X, Xbox Series S, Xbox One [Digital] $7'](https://slickdeals.net/click?trd=Get%20Deal%20at%20Best%20Buy&sdtid=18987364&tid=18987364&prop=diavail-false%7Cdincp-0%7Cdinpd-0%7Cdipgavail-false&pv=6a9612bedc4111f0af00da1a0d8cf5f1&au=046044cd5cd44093bc1a152d85e6fed7)",$7.00,Posted Today ,+16,"1,657 Views",5 Comments
['Fanflix: Choose 10 of Select Paramount Digital Titles $19.99'](https://slickdeals.net/click?trd=Get%20Deal%20at%20Fanflix&sdtid=18987439&tid=18987439&prop=diavail-false%7Cdincp-0%7Cdinpd-0%7Cdipgavail-false&pv=6b6e11dcdc4111f0af95ce3af3a1c993&au=55c7b4d1c742403cb2386c3ca0036b31),$19.99,Posted Today ,+24,"2,659 Views",10 Comments
"['[S&S, AC] $16.38: 2 × 20-Oz Caribou Coffee Medium Roast Ground Coffee (Caribou Blend) ($8.19 each) at Amazon'](https://slickdeals.net/click?trd=Get%20Deal%20at%20Amazon&sdtid=18987664&tid=18987664&prop=diavail-true%7Cdincp-0%7Cdinpd-8%7Cdipgavail-true&pv=6ca7840cdc4111f0bdb02a58e0f7040c&au=5206bf154af04e43ab72693670e771c6)",$16.38,Posted Today ,+13,"1,569 Views",5 Comments
['HUANUO High Back Mesh Ergonomic Office Chair for Big and Tall with Lumbar Support $59.39 + Free Shipping'](https://slickdeals.net/click?trd=Get%20Deal%20at%20Amazon&sdtid=18980335&tid=18980335&prop=diavail-true%7Cdincp-1%7Cdinpd-0%7Cdipgavail-false&pv=6d803342dc4111f08ea0cade90a340ad&au=de437901d8054711b22be98a3f32283c),$59.39,Posted 12-16-2025 ,+8,"1,715 Views",1 Comments
['Adjustable Weight Bench - Foldable Workout Bench for Home Gym - $119.99 + free ship with Prime'](https://slickdeals.net/click?trd=Get%20Deal%20at%20Woot%21&sdtid=18987115&tid=18987115&prop=diavail-false%7Cdincp-0%7Cdinpd-0%7Cdipgavail-false&pv=6e9aff14dc4111f084e0f61c7ac4446b&au=47f3a6e117984064927b6c0f5addf073),$119.99,Posted Yesterday ,+10,"1,740 Views",1 Comments
